<?xml version="1.0" encoding="UTF-8"?>
<!DOCTYPE mapper PUBLIC "-//mybatis.org//DTD Mapper 3.0//EN"
"http://mybatis.org/dtd/mybatis-3-mapper.dtd">
<mapper namespace="gacha.mapper.BoxAndItemMapper">
	<select id="getCountByName" parameterType="String" resultType="Integer">
	select count(*) from item where name like '%' || #{name} || '%'
	</select>
	<select id="getItemAndBoxByName" parameterType="gacha.model.StartEnd" resultType="gacha.model.BoxAndItem">
	
	select item_code, item_name, box_game
	from (select rownum, a.* from (select  i.code AS item_code, i.name AS item_name, b.game AS box_game
        FROM item i
        JOIN item_box b ON i.box_code = b.code
	 where i.name like '%' || #{name} || '%') a) where rownum>#{start} and rownum  <![CDATA[<]]> #{end}	</select>
	

	<select id="getCountByGame" parameterType="String" resultType="Integer">
	select count(*) from item i
        JOIN item_box b ON i.box_code = b.code and b.game=#{game}
	</select>
<select id="getItemAndGameByGame" parameterType="gacha.model.StartEnd" resultType="gacha.model.BoxAndItem">
	 select item_code,item_name,box_game from
	 (select rownum rn,a.* from
	 (SELECT i.code AS item_code, i.name AS item_name, b.game AS box_game
        FROM item i
        JOIN item_box b ON i.box_code = b.code and b.game=#{game} order by i.code desc) a)
        where rn >#{start} and rn<![CDATA[<]]> #{end}
	</select>
	

<select id="getItemAndGameList" parameterType="gacha.model.StartEnd" resultType="gacha.model.BoxAndItem">
	 select item_code, item_name, box_game from
	 (select rownum rn,a.* from
	 (SELECT i.code AS item_code, i.name AS item_name, b.game AS box_game
        FROM item i
        JOIN item_box b ON i.box_code = b.code) a)
        where rn >#{start} and rn<![CDATA[<]]> #{end}
	</select>
	<select id="getTotalCount" resultType="Integer">
	select count(*) from item i
        JOIN item_box b ON i.box_code = b.code
	</select>

</mapper>




