<?xml version="1.0" encoding="UTF-8"?>
<!DOCTYPE mapper PUBLIC "-//mybatis.org//DTD Mapper 3.0//EN"
"http://mybatis.org/dtd/mybatis-3-mapper.dtd">
<mapper namespace="gacha.mapper.ItemMapper">
	
	<update id="updateItem" parameterType="gacha.model.Item">
	update item set name=#{name},probability=#{probability},rate=#{rate},image=#{image} 
	where code = #{code}
	</update>
	
	<delete id="deleteItemByCode" parameterType="String">
	delete from item where code=#{code}
	</delete>
	
	<select id="getItemByCode" parameterType="String" resultType="gacha.model.Item">
	select code, box_code,name,  round(probability * 100, 2) as probability,rate, image from item where code=#{code}
	</select>
	
	<select id="getItemByBox" parameterType="String" resultType="gacha.model.Item">
	select code,box_code,name,round(probability, 2) as probability,rate,image from item where box_code=#{box_code}
	</select> 
	<select id="getItemCount" resultType="Integer">
	select count(*) from item
	</select>
	
	<insert id="inputItem" parameterType="gacha.model.Item">
	insert into item values(#{code},#{box_code},#{name},#{probability},#{rate},#{image})
	</insert> 
	
	<select id="getItemList" parameterType="gacha.model.StartEnd" resultType="gacha.model.Item">
	select code,name,box_code
	from( select rownum rn, a.*
	        from (select code,name,box_code from item) a
	       )
	where rn > #{start} and rn <![CDATA[<]]> #{end}
	</select>
	<select id="getTotalCount" resultType="Integer">
	select count(*) from item
	</select>
	
</mapper>





